Date,City,Area,GPS_Latitude,GPS_Longitude,Coverage_Radius_KM,Delivery_Time,SKU_ID,SKU_Name,Pack_Type,Volume_ML,MRP,Selling_Price,Price_Per_Liter,Discount,Stock_Status,Lowest_Competitor_Brand,Lowest_Competitor_Price,Price_Difference,Competitor_Parity_Status
2026-10-08,"Chennai","T Nagar",13.0827,80.2707,45,"8 MINS",pouch_1l,"GEM'S GOLD Cold Pressed Groundnut oil Pouch 1.0 ltr",Pouch 1L,1000,260,187,187,"28% OFF","In Stock","Gemini",135,+52,"Gem +₹52 Premium"
2026-10-08,"Chennai","T Nagar",13.0827,80.2707,45,"8 MINS",bottle_1l,"GEM'S GOLD Cold Pressed Groundnut oil Bottle 1.0 ltr",Bottle 1L,1000,275,215,215,"21% OFF","In Stock","Gemini",135,+80,"Gem +₹80 Premium"
2026-10-08,"Chennai","T Nagar",13.0827,80.2707,45,"8 MINS",bottle_2l,"GEM'S GOLD Cold Pressed Groundnut oil Bottle 2.0 ltr",Bottle 2L,2000,550,394,197,"28% OFF","In Stock","Gold winner",350,+44,"Gem +₹44 Premium"
2026-10-08,"Chennai","T Nagar",13.0827,80.2707,45,"8 MINS",bottle_500ml,"GEM'S GOLD Cold Pressed Groundnut oil 500.0 ml",Bottle 500ml,500,180,93,186,"48% OFF","In Stock","Mr. Gold",98,-5,"Gem ₹5 Cheaper"
2026-10-08,"Chennai","T Nagar",13.0827,80.2707,45,"8 MINS",spray_200ml,"Gem's Gold Groundnut Oil Reusable Spray 200.0 ml",Spray 200ml,200,199,125,625,"37% OFF","In Stock","Fortune",149,-24,"Gem ₹24 Cheaper"
2026-10-08,"Bangalore","Koramangala",12.9716,77.5946,50,"9 MINS",pouch_1l,"GEM'S GOLD Cold Pressed Groundnut oil Pouch 1.0 ltr",Pouch 1L,1000,260,195,195,"25% OFF","In Stock","Gemini",135,+60,"Gem +₹60 Premium"
2026-10-08,"Bangalore","Koramangala",12.9716,77.5946,50,"9 MINS",bottle_1l,"GEM'S GOLD Cold Pressed Groundnut oil Bottle 1.0 ltr",Bottle 1L,1000,275,215,215,"21% OFF","In Stock","Gemini",135,+80,"Gem +₹80 Premium"
2026-10-08,"Bangalore","Koramangala",12.9716,77.5946,50,"9 MINS",bottle_2l,"GEM'S GOLD Cold Pressed Groundnut oil Bottle 2.0 ltr",Bottle 2L,2000,550,419,210,"23% OFF","In Stock","Gold winner",350,+69,"Gem +₹69 Premium"
2026-10-08,"Bangalore","Koramangala",12.9716,77.5946,50,"9 MINS",bottle_500ml,"GEM'S GOLD Cold Pressed Groundnut oil 500.0 ml",Bottle 500ml,500,160,105,210,"34% OFF","In Stock","Mr. Gold",98,+7,"Gem +₹7 Premium"
2026-10-08,"Bangalore","Koramangala",12.9716,77.5946,50,"9 MINS",spray_200ml,"Gem's Gold Groundnut Oil Reusable Spray 200.0 ml",Spray 200ml,200,219,155,775,"29% OFF","In Stock","Fortune",149,+6,"Gem +₹6 Premium"
2026-10-08,"Coimbatore","RS Puram",11.0168,76.9558,35,"9 MINS",pouch_1l,"GEM'S GOLD Cold Pressed Groundnut oil Pouch 1.0 ltr",Pouch 1L,1000,260,187,187,"28% OFF","In Stock","Gemini",135,+52,"Gem +₹52 Premium"
2026-10-08,"Coimbatore","RS Puram",11.0168,76.9558,35,"9 MINS",bottle_1l,"GEM'S GOLD Cold Pressed Groundnut oil Bottle 1.0 ltr",Bottle 1L,1000,275,215,215,"21% OFF","In Stock","Gemini",135,+80,"Gem +₹80 Premium"
2026-10-08,"Coimbatore","RS Puram",11.0168,76.9558,35,"9 MINS",bottle_2l,"GEM'S GOLD Cold Pressed Groundnut oil Bottle 2.0 ltr",Bottle 2L,2000,550,394,197,"28% OFF","In Stock","Gold winner",350,+44,"Gem +₹44 Premium"
2026-10-08,"Coimbatore","RS Puram",11.0168,76.9558,35,"9 MINS",bottle_500ml,"GEM'S GOLD Cold Pressed Groundnut oil 500.0 ml",Bottle 500ml,500,180,93,186,"48% OFF","In Stock","Mr. Gold",98,-5,"Gem ₹5 Cheaper"
2026-10-08,"Coimbatore","RS Puram",11.0168,76.9558,35,"9 MINS",spray_200ml,"Gem's Gold Groundnut Oil Reusable Spray 200.0 ml",Spray 200ml,200,219,155,775,"29% OFF","In Stock","Fortune",149,+6,"Gem +₹6 Premium"
2026-10-08,"Hyderabad","Gachibowli",17.385,78.4867,48,"10 MINS",pouch_1l,"GEM'S GOLD Cold Pressed Groundnut oil Pouch 1.0 ltr",Pouch 1L,1000,270,199,199,"26% OFF","In Stock","Gemini",135,+64,"Gem +₹64 Premium"
2026-10-08,"Hyderabad","Gachibowli",17.385,78.4867,48,"10 MINS",bottle_1l,"GEM'S GOLD Cold Pressed Groundnut oil Bottle 1.0 ltr",Bottle 1L,1000,285,225,225,"21% OFF","In Stock","Gemini",135,+90,"Gem +₹90 Premium"
2026-10-08,"Hyderabad","Gachibowli",17.385,78.4867,48,"10 MINS",bottle_2l,"GEM'S GOLD Cold Pressed Groundnut oil Bottle 2.0 ltr",Bottle 2L,2000,560,429,215,"23% OFF","In Stock","Gold winner",350,+79,"Gem +₹79 Premium"
2026-10-08,"Hyderabad","Gachibowli",17.385,78.4867,48,"10 MINS",bottle_500ml,"GEM'S GOLD Cold Pressed Groundnut oil 500.0 ml",Bottle 500ml,500,160,105,210,"34% OFF","In Stock","Mr. Gold",98,+7,"Gem +₹7 Premium"
2026-10-08,"Hyderabad","Gachibowli",17.385,78.4867,48,"10 MINS",spray_200ml,"Gem's Gold Groundnut Oil Reusable Spray 200.0 ml",Spray 200ml,200,219,155,775,"29% OFF","In Stock","Fortune",149,+6,"Gem +₹6 Premium"
2026-10-08,"Mumbai","Andheri East",19.076,72.8777,60,"11 MINS",pouch_1l,"GEM'S GOLD Cold Pressed Groundnut oil Pouch 1.0 ltr",Pouch 1L,1000,280,209,209,"25% OFF","In Stock","Gemini",135,+74,"Gem +₹74 Premium"
2026-10-08,"Mumbai","Andheri East",19.076,72.8777,60,"11 MINS",bottle_1l,"GEM'S GOLD Cold Pressed Groundnut oil Bottle 1.0 ltr",Bottle 1L,1000,295,229,229,"22% OFF","In Stock","Gemini",135,+94,"Gem +₹94 Premium"
2026-10-08,"Mumbai","Andheri East",19.076,72.8777,60,"11 MINS",bottle_2l,"GEM'S GOLD Cold Pressed Groundnut oil Bottle 2.0 ltr",Bottle 2L,2000,575,439,220,"24% OFF","In Stock","Gold winner",350,+89,"Gem +₹89 Premium"
2026-10-08,"Mumbai","Andheri East",19.076,72.8777,60,"11 MINS",bottle_500ml,"GEM'S GOLD Cold Pressed Groundnut oil 500.0 ml",Bottle 500ml,500,180,129,258,"28% OFF","In Stock","Mr. Gold",98,+31,"Gem +₹31 Premium"
2026-10-08,"Mumbai","Andheri East",19.076,72.8777,60,"11 MINS",spray_200ml,"Gem's Gold Groundnut Oil Reusable Spray 200.0 ml",Spray 200ml,200,219,155,775,"29% OFF","In Stock","Fortune",149,+6,"Gem +₹6 Premium"
2026-10-08,"Salem","Fairlands",11.6643,78.146,30,"6 MINS",pouch_1l,"GEM'S GOLD Cold Pressed Groundnut oil Pouch 1.0 ltr",Pouch 1L,1000,260,195,195,"25% OFF","In Stock","Gemini",135,+60,"Gem +₹60 Premium"
2026-10-08,"Salem","Fairlands",11.6643,78.146,30,"6 MINS",bottle_1l,"GEM'S GOLD Cold Pressed Groundnut oil Bottle 1.0 ltr",Bottle 1L,1000,275,215,215,"21% OFF","In Stock","Gemini",135,+80,"Gem +₹80 Premium"
2026-10-08,"Salem","Fairlands",11.6643,78.146,30,"6 MINS",bottle_2l,"GEM'S GOLD Cold Pressed Groundnut oil Bottle 2.0 ltr",Bottle 2L,2000,550,419,210,"23% OFF","In Stock","Gold winner",350,+69,"Gem +₹69 Premium"
2026-10-08,"Salem","Fairlands",11.6643,78.146,30,"6 MINS",bottle_500ml,"GEM'S GOLD Cold Pressed Groundnut oil 500.0 ml",Bottle 500ml,500,180,,,"0%","Out of Stock","Mr. Gold",98,,"N/A"
2026-10-08,"Salem","Fairlands",11.6643,78.146,30,"6 MINS",spray_200ml,"Gem's Gold Groundnut Oil Reusable Spray 200.0 ml",Spray 200ml,200,199,125,625,"37% OFF","In Stock","Fortune",149,-24,"Gem ₹24 Cheaper"
2026-10-08,"Trichy","Thillai Nagar",10.7905,78.7047,28,"7 MINS",pouch_1l,"GEM'S GOLD Cold Pressed Groundnut oil Pouch 1.0 ltr",Pouch 1L,1000,260,195,195,"25% OFF","In Stock","Gemini",135,+60,"Gem +₹60 Premium"
2026-10-08,"Trichy","Thillai Nagar",10.7905,78.7047,28,"7 MINS",bottle_1l,"GEM'S GOLD Cold Pressed Groundnut oil Bottle 1.0 ltr",Bottle 1L,1000,275,215,215,"21% OFF","In Stock","Gemini",135,+80,"Gem +₹80 Premium"
2026-10-08,"Trichy","Thillai Nagar",10.7905,78.7047,28,"7 MINS",bottle_2l,"GEM'S GOLD Cold Pressed Groundnut oil Bottle 2.0 ltr",Bottle 2L,2000,550,419,210,"23% OFF","In Stock","Gold winner",350,+69,"Gem +₹69 Premium"
2026-10-08,"Trichy","Thillai Nagar",10.7905,78.7047,28,"7 MINS",bottle_500ml,"GEM'S GOLD Cold Pressed Groundnut oil 500.0 ml",Bottle 500ml,500,160,105,210,"34% OFF","In Stock","Mr. Gold",98,+7,"Gem +₹7 Premium"
2026-10-08,"Trichy","Thillai Nagar",10.7905,78.7047,28,"7 MINS",spray_200ml,"Gem's Gold Groundnut Oil Reusable Spray 200.0 ml",Spray 200ml,200,199,125,625,"37% OFF","In Stock","Fortune",149,-24,"Gem ₹24 Cheaper"
2026-10-08,"Vizag","MVP Colony",17.6868,83.2185,35,"9 MINS",pouch_1l,"GEM'S GOLD Cold Pressed Groundnut oil Pouch 1.0 ltr",Pouch 1L,1000,270,199,199,"26% OFF","In Stock","Gemini",135,+64,"Gem +₹64 Premium"
2026-10-08,"Vizag","MVP Colony",17.6868,83.2185,35,"9 MINS",bottle_1l,"GEM'S GOLD Cold Pressed Groundnut oil Bottle 1.0 ltr",Bottle 1L,1000,285,225,225,"21% OFF","In Stock","Gemini",135,+90,"Gem +₹90 Premium"
2026-10-08,"Vizag","MVP Colony",17.6868,83.2185,35,"9 MINS",bottle_2l,"GEM'S GOLD Cold Pressed Groundnut oil Bottle 2.0 ltr",Bottle 2L,2000,560,429,215,"23% OFF","In Stock","Gold winner",350,+79,"Gem +₹79 Premium"
2026-10-08,"Vizag","MVP Colony",17.6868,83.2185,35,"9 MINS",bottle_500ml,"GEM'S GOLD Cold Pressed Groundnut oil 500.0 ml",Bottle 500ml,500,160,105,210,"34% OFF","In Stock","Mr. Gold",98,+7,"Gem +₹7 Premium"
2026-10-08,"Vizag","MVP Colony",17.6868,83.2185,35,"9 MINS",spray_200ml,"Gem's Gold Groundnut Oil Reusable Spray 200.0 ml",Spray 200ml,200,219,155,775,"29% OFF","In Stock","Fortune",149,+6,"Gem +₹6 Premium"
2026-10-08,"Madurai","KK Nagar",9.9252,78.1198,32,"7 MINS",pouch_1l,"GEM'S GOLD Cold Pressed Groundnut oil Pouch 1.0 ltr",Pouch 1L,1000,260,187,187,"28% OFF","In Stock","Gemini",135,+52,"Gem +₹52 Premium"
2026-10-08,"Madurai","KK Nagar",9.9252,78.1198,32,"7 MINS",bottle_1l,"GEM'S GOLD Cold Pressed Groundnut oil Bottle 1.0 ltr",Bottle 1L,1000,275,215,215,"21% OFF","In Stock","Gemini",135,+80,"Gem +₹80 Premium"
2026-10-08,"Madurai","KK Nagar",9.9252,78.1198,32,"7 MINS",bottle_2l,"GEM'S GOLD Cold Pressed Groundnut oil Bottle 2.0 ltr",Bottle 2L,2000,550,394,197,"28% OFF","In Stock","Gold winner",350,+44,"Gem +₹44 Premium"
2026-10-08,"Madurai","KK Nagar",9.9252,78.1198,32,"7 MINS",bottle_500ml,"GEM'S GOLD Cold Pressed Groundnut oil 500.0 ml",Bottle 500ml,500,160,105,210,"34% OFF","In Stock","Mr. Gold",98,+7,"Gem +₹7 Premium"
2026-10-08,"Madurai","KK Nagar",9.9252,78.1198,32,"7 MINS",spray_200ml,"Gem's Gold Groundnut Oil Reusable Spray 200.0 ml",Spray 200ml,200,199,125,625,"37% OFF","In Stock","Fortune",149,-24,"Gem ₹24 Cheaper"
2026-10-08,"Pune","Kothrud",18.5204,73.8567,40,"10 MINS",pouch_1l,"GEM'S GOLD Cold Pressed Groundnut oil Pouch 1.0 ltr",Pouch 1L,1000,280,209,209,"25% OFF","In Stock","Gemini",135,+74,"Gem +₹74 Premium"
2026-10-08,"Pune","Kothrud",18.5204,73.8567,40,"10 MINS",bottle_1l,"GEM'S GOLD Cold Pressed Groundnut oil Bottle 1.0 ltr",Bottle 1L,1000,295,229,229,"22% OFF","In Stock","Gemini",135,+94,"Gem +₹94 Premium"
2026-10-08,"Pune","Kothrud",18.5204,73.8567,40,"10 MINS",bottle_2l,"GEM'S GOLD Cold Pressed Groundnut oil Bottle 2.0 ltr",Bottle 2L,2000,575,439,220,"24% OFF","In Stock","Gold winner",350,+89,"Gem +₹89 Premium"
2026-10-08,"Pune","Kothrud",18.5204,73.8567,40,"10 MINS",bottle_500ml,"GEM'S GOLD Cold Pressed Groundnut oil 500.0 ml",Bottle 500ml,500,180,129,258,"28% OFF","In Stock","Mr. Gold",98,+31,"Gem +₹31 Premium"
2026-10-08,"Pune","Kothrud",18.5204,73.8567,40,"10 MINS",spray_200ml,"Gem's Gold Groundnut Oil Reusable Spray 200.0 ml",Spray 200ml,200,219,155,775,"29% OFF","In Stock","Fortune",149,+6,"Gem +₹6 Premium"
2026-10-08,"Pondicherry","White Town",11.9416,79.8083,25,"8 MINS",pouch_1l,"GEM'S GOLD Cold Pressed Groundnut oil Pouch 1.0 ltr",Pouch 1L,1000,260,195,195,"25% OFF","In Stock","Gemini",135,+60,"Gem +₹60 Premium"
2026-10-08,"Pondicherry","White Town",11.9416,79.8083,25,"8 MINS",bottle_1l,"GEM'S GOLD Cold Pressed Groundnut oil Bottle 1.0 ltr",Bottle 1L,1000,275,215,215,"21% OFF","In Stock","Gemini",135,+80,"Gem +₹80 Premium"
2026-10-08,"Pondicherry","White Town",11.9416,79.8083,25,"8 MINS",bottle_2l,"GEM'S GOLD Cold Pressed Groundnut oil Bottle 2.0 ltr",Bottle 2L,2000,550,419,210,"23% OFF","In Stock","Gold winner",350,+69,"Gem +₹69 Premium"
2026-10-08,"Pondicherry","White Town",11.9416,79.8083,25,"8 MINS",bottle_500ml,"GEM'S GOLD Cold Pressed Groundnut oil 500.0 ml",Bottle 500ml,500,160,105,210,"34% OFF","In Stock","Mr. Gold",98,+7,"Gem +₹7 Premium"
2026-10-08,"Pondicherry","White Town",11.9416,79.8083,25,"8 MINS",spray_200ml,"Gem's Gold Groundnut Oil Reusable Spray 200.0 ml",Spray 200ml,200,199,125,625,"37% OFF","In Stock","Fortune",149,-24,"Gem ₹24 Cheaper"
2026-10-08,"Vijayawada","Benz Circle",16.5062,80.648,30,"9 MINS",pouch_1l,"GEM'S GOLD Cold Pressed Groundnut oil Pouch 1.0 ltr",Pouch 1L,1000,270,199,199,"26% OFF","In Stock","Gemini",135,+64,"Gem +₹64 Premium"
2026-10-08,"Vijayawada","Benz Circle",16.5062,80.648,30,"9 MINS",bottle_1l,"GEM'S GOLD Cold Pressed Groundnut oil Bottle 1.0 ltr",Bottle 1L,1000,285,225,225,"21% OFF","In Stock","Gemini",135,+90,"Gem +₹90 Premium"
2026-10-08,"Vijayawada","Benz Circle",16.5062,80.648,30,"9 MINS",bottle_2l,"GEM'S GOLD Cold Pressed Groundnut oil Bottle 2.0 ltr",Bottle 2L,2000,560,429,215,"23% OFF","In Stock","Gold winner",350,+79,"Gem +₹79 Premium"
2026-10-08,"Vijayawada","Benz Circle",16.5062,80.648,30,"9 MINS",bottle_500ml,"GEM'S GOLD Cold Pressed Groundnut oil 500.0 ml",Bottle 500ml,500,160,105,210,"34% OFF","In Stock","Mr. Gold",98,+7,"Gem +₹7 Premium"
2026-10-08,"Vijayawada","Benz Circle",16.5062,80.648,30,"9 MINS",spray_200ml,"Gem's Gold Groundnut Oil Reusable Spray 200.0 ml",Spray 200ml,200,219,155,775,"29% OFF","In Stock","Fortune",149,+6,"Gem +₹6 Premium"
2026-10-08,"Tirupur","Kumar Nagar",11.1085,77.3411,25,"9 MINS",pouch_1l,"GEM'S GOLD Cold Pressed Groundnut oil Pouch 1.0 ltr",Pouch 1L,1000,260,195,195,"25% OFF","In Stock","Gemini",135,+60,"Gem +₹60 Premium"
2026-10-08,"Tirupur","Kumar Nagar",11.1085,77.3411,25,"9 MINS",bottle_1l,"GEM'S GOLD Cold Pressed Groundnut oil Bottle 1.0 ltr",Bottle 1L,1000,275,,,"0%","Out of Stock","Gemini",135,,"N/A"
2026-10-08,"Tirupur","Kumar Nagar",11.1085,77.3411,25,"9 MINS",bottle_2l,"GEM'S GOLD Cold Pressed Groundnut oil Bottle 2.0 ltr",Bottle 2L,2000,550,419,210,"23% OFF","In Stock","Gold winner",350,+69,"Gem +₹69 Premium"
2026-10-08,"Tirupur","Kumar Nagar",11.1085,77.3411,25,"9 MINS",bottle_500ml,"GEM'S GOLD Cold Pressed Groundnut oil 500.0 ml",Bottle 500ml,500,160,,,"0%","Out of Stock","Mr. Gold",98,,"N/A"
2026-10-08,"Tirupur","Kumar Nagar",11.1085,77.3411,25,"9 MINS",spray_200ml,"Gem's Gold Groundnut Oil Reusable Spray 200.0 ml",Spray 200ml,200,199,125,625,"37% OFF","In Stock","Fortune",149,-24,"Gem ₹24 Cheaper"
2026-10-08,"Kochi","Kaloor",9.9312,76.2673,38,"11 MINS",pouch_1l,"GEM'S GOLD Cold Pressed Groundnut oil Pouch 1.0 ltr",Pouch 1L,1000,265,195,195,"26% OFF","In Stock","Gemini",135,+60,"Gem +₹60 Premium"
2026-10-08,"Kochi","Kaloor",9.9312,76.2673,38,"11 MINS",bottle_1l,"GEM'S GOLD Cold Pressed Groundnut oil Bottle 1.0 ltr",Bottle 1L,1000,280,219,219,"22% OFF","In Stock","Gemini",135,+84,"Gem +₹84 Premium"
2026-10-08,"Kochi","Kaloor",9.9312,76.2673,38,"11 MINS",bottle_2l,"GEM'S GOLD Cold Pressed Groundnut oil Bottle 2.0 ltr",Bottle 2L,2000,550,419,210,"23% OFF","In Stock","Gold winner",350,+69,"Gem +₹69 Premium"
2026-10-08,"Kochi","Kaloor",9.9312,76.2673,38,"11 MINS",bottle_500ml,"GEM'S GOLD Cold Pressed Groundnut oil 500.0 ml",Bottle 500ml,500,160,105,210,"34% OFF","In Stock","Mr. Gold",98,+7,"Gem +₹7 Premium"
2026-10-08,"Kochi","Kaloor",9.9312,76.2673,38,"11 MINS",spray_200ml,"Gem's Gold Groundnut Oil Reusable Spray 200.0 ml",Spray 200ml,200,219,155,775,"29% OFF","In Stock","Fortune",149,+6,"Gem +₹6 Premium"
2026-10-08,"Erode","Perundurai Road",11.341,77.7172,25,"6 MINS",pouch_1l,"GEM'S GOLD Cold Pressed Groundnut oil Pouch 1.0 ltr",Pouch 1L,1000,260,187,187,"28% OFF","In Stock","Gemini",135,+52,"Gem +₹52 Premium"
2026-10-08,"Erode","Perundurai Road",11.341,77.7172,25,"6 MINS",bottle_1l,"GEM'S GOLD Cold Pressed Groundnut oil Bottle 1.0 ltr",Bottle 1L,1000,275,215,215,"21% OFF","In Stock","Gemini",135,+80,"Gem +₹80 Premium"
2026-10-08,"Erode","Perundurai Road",11.341,77.7172,25,"6 MINS",bottle_2l,"GEM'S GOLD Cold Pressed Groundnut oil Bottle 2.0 ltr",Bottle 2L,2000,550,394,197,"28% OFF","In Stock","Gold winner",350,+44,"Gem +₹44 Premium"
2026-10-08,"Erode","Perundurai Road",11.341,77.7172,25,"6 MINS",bottle_500ml,"GEM'S GOLD Cold Pressed Groundnut oil 500.0 ml",Bottle 500ml,500,160,105,210,"34% OFF","In Stock","Mr. Gold",98,+7,"Gem +₹7 Premium"
2026-10-08,"Erode","Perundurai Road",11.341,77.7172,25,"6 MINS",spray_200ml,"Gem's Gold Groundnut Oil Reusable Spray 200.0 ml",Spray 200ml,200,199,125,625,"37% OFF","In Stock","Fortune",149,-24,"Gem ₹24 Cheaper"
2026-10-08,"Vellore","Gandhi Nagar",12.9165,79.1325,25,"8 MINS",pouch_1l,"GEM'S GOLD Cold Pressed Groundnut oil Pouch 1.0 ltr",Pouch 1L,1000,260,195,195,"25% OFF","In Stock","Gemini",135,+60,"Gem +₹60 Premium"
2026-10-08,"Vellore","Gandhi Nagar",12.9165,79.1325,25,"8 MINS",bottle_1l,"GEM'S GOLD Cold Pressed Groundnut oil Bottle 1.0 ltr",Bottle 1L,1000,275,215,215,"21% OFF","In Stock","Gemini",135,+80,"Gem +₹80 Premium"
2026-10-08,"Vellore","Gandhi Nagar",12.9165,79.1325,25,"8 MINS",bottle_2l,"GEM'S GOLD Cold Pressed Groundnut oil Bottle 2.0 ltr",Bottle 2L,2000,550,419,210,"23% OFF","In Stock","Gold winner",350,+69,"Gem +₹69 Premium"
2026-10-08,"Vellore","Gandhi Nagar",12.9165,79.1325,25,"8 MINS",bottle_500ml,"GEM'S GOLD Cold Pressed Groundnut oil 500.0 ml",Bottle 500ml,500,160,105,210,"34% OFF","In Stock","Mr. Gold",98,+7,"Gem +₹7 Premium"
2026-10-08,"Vellore","Gandhi Nagar",12.9165,79.1325,25,"8 MINS",spray_200ml,"Gem's Gold Groundnut Oil Reusable Spray 200.0 ml",Spray 200ml,200,199,125,625,"37% OFF","In Stock","Fortune",149,-24,"Gem ₹24 Cheaper"
2026-10-08,"Thanjavur","Medical College Rd",10.787,79.1378,20,"8 MINS",pouch_1l,"GEM'S GOLD Cold Pressed Groundnut oil Pouch 1.0 ltr",Pouch 1L,1000,260,195,195,"25% OFF","In Stock","Gemini",135,+60,"Gem +₹60 Premium"
2026-10-08,"Thanjavur","Medical College Rd",10.787,79.1378,20,"8 MINS",bottle_1l,"GEM'S GOLD Cold Pressed Groundnut oil Bottle 1.0 ltr",Bottle 1L,1000,275,215,215,"21% OFF","In Stock","Gemini",135,+80,"Gem +₹80 Premium"
2026-10-08,"Thanjavur","Medical College Rd",10.787,79.1378,20,"8 MINS",bottle_2l,"GEM'S GOLD Cold Pressed Groundnut oil Bottle 2.0 ltr",Bottle 2L,2000,550,419,210,"23% OFF","In Stock","Gold winner",350,+69,"Gem +₹69 Premium"
2026-10-08,"Thanjavur","Medical College Rd",10.787,79.1378,20,"8 MINS",bottle_500ml,"GEM'S GOLD Cold Pressed Groundnut oil 500.0 ml",Bottle 500ml,500,160,105,210,"34% OFF","In Stock","Mr. Gold",98,+7,"Gem +₹7 Premium"
2026-10-08,"Thanjavur","Medical College Rd",10.787,79.1378,20,"8 MINS",spray_200ml,"Gem's Gold Groundnut Oil Reusable Spray 200.0 ml",Spray 200ml,200,199,125,625,"37% OFF","In Stock","Fortune",149,-24,"Gem ₹24 Cheaper"
2026-10-08,"Tirunelveli","Palayamkottai",8.7139,77.7567,25,"8 MINS",pouch_1l,"GEM'S GOLD Cold Pressed Groundnut oil Pouch 1.0 ltr",Pouch 1L,1000,260,195,195,"25% OFF","In Stock","Gemini",135,+60,"Gem +₹60 Premium"
2026-10-08,"Tirunelveli","Palayamkottai",8.7139,77.7567,25,"8 MINS",bottle_1l,"GEM'S GOLD Cold Pressed Groundnut oil Bottle 1.0 ltr",Bottle 1L,1000,275,215,215,"21% OFF","In Stock","Gemini",135,+80,"Gem +₹80 Premium"
2026-10-08,"Tirunelveli","Palayamkottai",8.7139,77.7567,25,"8 MINS",bottle_2l,"GEM'S GOLD Cold Pressed Groundnut oil Bottle 2.0 ltr",Bottle 2L,2000,550,419,210,"23% OFF","In Stock","Gold winner",350,+69,"Gem +₹69 Premium"
2026-10-08,"Tirunelveli","Palayamkottai",8.7139,77.7567,25,"8 MINS",bottle_500ml,"GEM'S GOLD Cold Pressed Groundnut oil 500.0 ml",Bottle 500ml,500,160,105,210,"34% OFF","In Stock","Mr. Gold",98,+7,"Gem +₹7 Premium"
2026-10-08,"Tirunelveli","Palayamkottai",8.7139,77.7567,25,"8 MINS",spray_200ml,"Gem's Gold Groundnut Oil Reusable Spray 200.0 ml",Spray 200ml,200,199,125,625,"37% OFF","In Stock","Fortune",149,-24,"Gem ₹24 Cheaper"
2026-10-08,"Mysore","Gokulam",12.2958,76.6394,30,"9 MINS",pouch_1l,"GEM'S GOLD Cold Pressed Groundnut oil Pouch 1.0 ltr",Pouch 1L,1000,260,195,195,"25% OFF","In Stock","Gemini",135,+60,"Gem +₹60 Premium"
2026-10-08,"Mysore","Gokulam",12.2958,76.6394,30,"9 MINS",bottle_1l,"GEM'S GOLD Cold Pressed Groundnut oil Bottle 1.0 ltr",Bottle 1L,1000,275,215,215,"21% OFF","In Stock","Gemini",135,+80,"Gem +₹80 Premium"
2026-10-08,"Mysore","Gokulam",12.2958,76.6394,30,"9 MINS",bottle_2l,"GEM'S GOLD Cold Pressed Groundnut oil Bottle 2.0 ltr",Bottle 2L,2000,550,419,210,"23% OFF","In Stock","Gold winner",350,+69,"Gem +₹69 Premium"
2026-10-08,"Mysore","Gokulam",12.2958,76.6394,30,"9 MINS",bottle_500ml,"GEM'S GOLD Cold Pressed Groundnut oil 500.0 ml",Bottle 500ml,500,160,105,210,"34% OFF","In Stock","Mr. Gold",98,+7,"Gem +₹7 Premium"
2026-10-08,"Mysore","Gokulam",12.2958,76.6394,30,"9 MINS",spray_200ml,"Gem's Gold Groundnut Oil Reusable Spray 200.0 ml",Spray 200ml,200,219,155,775,"29% OFF","In Stock","Fortune",149,+6,"Gem +₹6 Premium"
2026-10-08,"Nellore","Magunta Layout",14.4426,79.9865,25,"9 MINS",pouch_1l,"GEM'S GOLD Cold Pressed Groundnut oil Pouch 1.0 ltr",Pouch 1L,1000,270,199,199,"26% OFF","In Stock","Gemini",135,+64,"Gem +₹64 Premium"
2026-10-08,"Nellore","Magunta Layout",14.4426,79.9865,25,"9 MINS",bottle_1l,"GEM'S GOLD Cold Pressed Groundnut oil Bottle 1.0 ltr",Bottle 1L,1000,285,225,225,"21% OFF","In Stock","Gemini",135,+90,"Gem +₹90 Premium"
2026-10-08,"Nellore","Magunta Layout",14.4426,79.9865,25,"9 MINS",bottle_2l,"GEM'S GOLD Cold Pressed Groundnut oil Bottle 2.0 ltr",Bottle 2L,2000,560,429,215,"23% OFF","In Stock","Gold winner",350,+79,"Gem +₹79 Premium"
2026-10-08,"Nellore","Magunta Layout",14.4426,79.9865,25,"9 MINS",bottle_500ml,"GEM'S GOLD Cold Pressed Groundnut oil 500.0 ml",Bottle 500ml,500,160,105,210,"34% OFF","In Stock","Mr. Gold",98,+7,"Gem +₹7 Premium"
2026-10-08,"Nellore","Magunta Layout",14.4426,79.9865,25,"9 MINS",spray_200ml,"Gem's Gold Groundnut Oil Reusable Spray 200.0 ml",Spray 200ml,200,219,155,775,"29% OFF","In Stock","Fortune",149,+6,"Gem +₹6 Premium"
2026-10-08,"Thoothukudi","Millerpuram",8.7642,78.1348,22,"8 MINS",pouch_1l,"GEM'S GOLD Cold Pressed Groundnut oil Pouch 1.0 ltr",Pouch 1L,1000,260,195,195,"25% OFF","In Stock","Gemini",135,+60,"Gem +₹60 Premium"
2026-10-08,"Thoothukudi","Millerpuram",8.7642,78.1348,22,"8 MINS",bottle_1l,"GEM'S GOLD Cold Pressed Groundnut oil Bottle 1.0 ltr",Bottle 1L,1000,275,215,215,"21% OFF","In Stock","Gemini",135,+80,"Gem +₹80 Premium"
2026-10-08,"Thoothukudi","Millerpuram",8.7642,78.1348,22,"8 MINS",bottle_2l,"GEM'S GOLD Cold Pressed Groundnut oil Bottle 2.0 ltr",Bottle 2L,2000,550,419,210,"23% OFF","In Stock","Gold winner",350,+69,"Gem +₹69 Premium"
2026-10-08,"Thoothukudi","Millerpuram",8.7642,78.1348,22,"8 MINS",bottle_500ml,"GEM'S GOLD Cold Pressed Groundnut oil 500.0 ml",Bottle 500ml,500,160,105,210,"34% OFF","In Stock","Mr. Gold",98,+7,"Gem +₹7 Premium"
2026-10-08,"Thoothukudi","Millerpuram",8.7642,78.1348,22,"8 MINS",spray_200ml,"Gem's Gold Groundnut Oil Reusable Spray 200.0 ml",Spray 200ml,200,199,125,625,"37% OFF","In Stock","Fortune",149,-24,"Gem ₹24 Cheaper"
2026-10-08,"Kanchipuram","Gandhi Road",12.8387,79.7016,20,"7 MINS",pouch_1l,"GEM'S GOLD Cold Pressed Groundnut oil Pouch 1.0 ltr",Pouch 1L,1000,260,195,195,"25% OFF","In Stock","Gemini",135,+60,"Gem +₹60 Premium"
2026-10-08,"Kanchipuram","Gandhi Road",12.8387,79.7016,20,"7 MINS",bottle_1l,"GEM'S GOLD Cold Pressed Groundnut oil Bottle 1.0 ltr",Bottle 1L,1000,275,215,215,"21% OFF","In Stock","Gemini",135,+80,"Gem +₹80 Premium"
2026-10-08,"Kanchipuram","Gandhi Road",12.8387,79.7016,20,"7 MINS",bottle_2l,"GEM'S GOLD Cold Pressed Groundnut oil Bottle 2.0 ltr",Bottle 2L,2000,550,419,210,"23% OFF","In Stock","Gold winner",350,+69,"Gem +₹69 Premium"
2026-10-08,"Kanchipuram","Gandhi Road",12.8387,79.7016,20,"7 MINS",bottle_500ml,"GEM'S GOLD Cold Pressed Groundnut oil 500.0 ml",Bottle 500ml,500,160,105,210,"34% OFF","In Stock","Mr. Gold",98,+7,"Gem +₹7 Premium"
2026-10-08,"Kanchipuram","Gandhi Road",12.8387,79.7016,20,"7 MINS",spray_200ml,"Gem's Gold Groundnut Oil Reusable Spray 200.0 ml",Spray 200ml,200,199,125,625,"37% OFF","In Stock","Fortune",149,-24,"Gem ₹24 Cheaper"
2026-10-08,"Warangal","Hanamkonda",17.9784,79.5941,28,"10 MINS",pouch_1l,"GEM'S GOLD Cold Pressed Groundnut oil Pouch 1.0 ltr",Pouch 1L,1000,270,199,199,"26% OFF","In Stock","Gemini",135,+64,"Gem +₹64 Premium"
2026-10-08,"Warangal","Hanamkonda",17.9784,79.5941,28,"10 MINS",bottle_1l,"GEM'S GOLD Cold Pressed Groundnut oil Bottle 1.0 ltr",Bottle 1L,1000,285,225,225,"21% OFF","In Stock","Gemini",135,+90,"Gem +₹90 Premium"
2026-10-08,"Warangal","Hanamkonda",17.9784,79.5941,28,"10 MINS",bottle_2l,"GEM'S GOLD Cold Pressed Groundnut oil Bottle 2.0 ltr",Bottle 2L,2000,560,429,215,"23% OFF","In Stock","Gold winner",350,+79,"Gem +₹79 Premium"
2026-10-08,"Warangal","Hanamkonda",17.9784,79.5941,28,"10 MINS",bottle_500ml,"GEM'S GOLD Cold Pressed Groundnut oil 500.0 ml",Bottle 500ml,500,160,105,210,"34% OFF","In Stock","Mr. Gold",98,+7,"Gem +₹7 Premium"
2026-10-08,"Warangal","Hanamkonda",17.9784,79.5941,28,"10 MINS",spray_200ml,"Gem's Gold Groundnut Oil Reusable Spray 200.0 ml",Spray 200ml,200,219,155,775,"29% OFF","In Stock","Fortune",149,+6,"Gem +₹6 Premium"
2026-10-08,"Karur","Kovai Road",10.9601,78.0766,20,"6 MINS",pouch_1l,"GEM'S GOLD Cold Pressed Groundnut oil Pouch 1.0 ltr",Pouch 1L,1000,260,187,187,"28% OFF","In Stock","Gemini",135,+52,"Gem +₹52 Premium"
2026-10-08,"Karur","Kovai Road",10.9601,78.0766,20,"6 MINS",bottle_1l,"GEM'S GOLD Cold Pressed Groundnut oil Bottle 1.0 ltr",Bottle 1L,1000,275,215,215,"21% OFF","In Stock","Gemini",135,+80,"Gem +₹80 Premium"
2026-10-08,"Karur","Kovai Road",10.9601,78.0766,20,"6 MINS",bottle_2l,"GEM'S GOLD Cold Pressed Groundnut oil Bottle 2.0 ltr",Bottle 2L,2000,550,394,197,"28% OFF","In Stock","Gold winner",350,+44,"Gem +₹44 Premium"
2026-10-08,"Karur","Kovai Road",10.9601,78.0766,20,"6 MINS",bottle_500ml,"GEM'S GOLD Cold Pressed Groundnut oil 500.0 ml",Bottle 500ml,500,160,105,210,"34% OFF","In Stock","Mr. Gold",98,+7,"Gem +₹7 Premium"
2026-10-08,"Karur","Kovai Road",10.9601,78.0766,20,"6 MINS",spray_200ml,"Gem's Gold Groundnut Oil Reusable Spray 200.0 ml",Spray 200ml,200,199,125,625,"37% OFF","In Stock","Fortune",149,-24,"Gem ₹24 Cheaper"
2026-10-08,"Central Goa","Panaji",15.4909,73.8278,35,"11 MINS",pouch_1l,"GEM'S GOLD Cold Pressed Groundnut oil Pouch 1.0 ltr",Pouch 1L,1000,280,209,209,"25% OFF","In Stock","—",,,"N/A"
2026-10-08,"Central Goa","Panaji",15.4909,73.8278,35,"11 MINS",bottle_1l,"GEM'S GOLD Cold Pressed Groundnut oil Bottle 1.0 ltr",Bottle 1L,1000,295,229,229,"22% OFF","In Stock","—",,,"N/A"
2026-10-08,"Central Goa","Panaji",15.4909,73.8278,35,"11 MINS",bottle_2l,"GEM'S GOLD Cold Pressed Groundnut oil Bottle 2.0 ltr",Bottle 2L,2000,575,439,220,"24% OFF","In Stock","—",,,"N/A"
2026-10-08,"Central Goa","Panaji",15.4909,73.8278,35,"11 MINS",bottle_500ml,"GEM'S GOLD Cold Pressed Groundnut oil 500.0 ml",Bottle 500ml,500,180,129,258,"28% OFF","In Stock","—",,,"N/A"
2026-10-08,"Central Goa","Panaji",15.4909,73.8278,35,"11 MINS",spray_200ml,"Gem's Gold Groundnut Oil Reusable Spray 200.0 ml",Spray 200ml,200,219,155,775,"29% OFF","In Stock","—",,,"N/A"